TP9,AF7,AF8,TP10
22.461,43.457,-33.691,22.461
35.645,45.41,-8.789,29.785
49.316,47.363,29.785,47.852
33.691,46.387,11.719,49.316
18.066,44.434,-19.531,35.645
17.578,42.48,-27.832,33.691
31.25,36.621,-22.949,33.691
42.969,36.621,4.395,32.227
30.273,39.062,17.09,34.668
20.02,36.621,-8.301,34.18
19.043,36.133,-18.555,29.785
28.809,34.18,-12.207,33.691
49.805,42.48,7.812,41.992
40.039,43.457,0.0,35.156
23.438,33.691,-19.043,26.855
17.578,32.227,-34.668,20.02
29.785,29.297,-38.086,20.02
48.828,32.227,-4.883,35.156
41.504,32.715,7.324,41.992
31.25,30.273,2.93,36.621
26.855,37.109,10.254,29.297
39.551,38.574,-17.09,34.18
52.246,38.086,0.977,38.086
43.945,38.574,43.945,41.992
38.574,33.691,16.113,40.527
24.902,32.227,-14.16,25.879
30.762,35.645,-32.227,23.438
55.664,38.574,-4.395,32.715
49.316,38.574,8.789,40.039
28.809,35.156,-18.555,38.086
18.555,38.574,-21.484,21.973
26.367,43.945,-16.602,13.184
44.922,41.016,-7.324,20.02
42.969,41.016,15.137,25.879
29.297,41.992,11.719,27.344
18.555,45.898,-6.348,20.508
25.391,45.898,-20.02,16.113
44.434,40.527,0.0,26.367
44.922,41.504,45.41,33.691
32.227,40.039,48.828,32.227
21.973,34.18,20.508,24.902
21.973,26.855,3.418,16.602
45.41,32.227,28.32,23.926
57.617,39.551,60.059,38.574
29.297,30.762,38.574,24.902
9.766,24.414,3.906,6.348
14.16,24.902,4.883,7.812
32.715,27.344,17.09,13.672
39.551,36.133,39.551,17.09
23.438,39.062,27.344,20.996
12.695,33.203,-5.371,18.555
17.578,36.133,-14.16,15.137
32.715,34.668,-18.066,29.297
42.969,31.25,12.207,43.457
32.227,34.18,34.668,41.016
16.602,33.691,15.625,32.715
14.16,31.738,-12.207,24.902
27.344,30.273,-16.113,27.344
39.062,37.109,12.207,37.109
31.25,41.016,5.859,36.621
18.066,41.992,-25.391,29.297
13.184,41.504,-41.992,19.043
26.855,38.086,-29.785,18.555
41.992,44.922,-4.395,26.367
31.25,50.293,-2.93,28.32
17.09,41.992,-18.066,24.902
9.766,36.133,-24.902,17.578
15.137,36.133,-16.602,15.137
32.227,37.109,-23.438,19.531
26.855,43.457,-10.742,23.438
16.602,41.504,-5.859,20.508
11.719,34.18,-31.25,9.277
20.996,34.668,-37.598,13.672
42.969,39.062,-14.648,27.832
38.086,39.551,3.418,28.809
20.02,33.691,-10.742,21.484
9.766,33.691,-19.043,13.672
16.602,35.645,-22.949,15.625
32.715,31.738,-22.949,20.02
28.32,37.598,11.23,22.461
20.508,45.898,19.043,28.32
13.184,42.969,11.23,21.484
11.23,37.598,12.695,11.719
31.738,39.551,16.113,21.484
38.574,41.016,34.18,30.762
20.996,36.621,24.902,26.367
4.883,29.785,0.488,15.137
2.93,26.855,-1.953,6.836
22.461,32.227,-0.977,13.184
32.227,35.645,5.371,16.113
21.484,36.621,6.836,11.23
9.277,37.598,-0.488,5.371
3.906,32.227,-9.277,-0.977
26.855,14.16,3.418,18.555
64.941,20.996,30.273,53.711
44.434,41.016,19.531,35.156
-8.301,37.598,-9.766,-11.719
-10.742,36.133,-20.02,-29.297
14.648,42.969,-32.227,-26.367
15.137,51.27,-18.555,-31.25
-0.488,54.688,-3.418,-39.551
-11.719,53.711,-41.992,-48.34
-18.555,56.152,-38.086,-62.5
-13.672,51.758,-13.672,-61.523
-7.324,48.828,-6.836,-49.316
-10.254,50.293,8.789,-33.203
-16.602,49.316,2.441,-33.203
-17.09,53.223,-9.277,-37.598
0.977,53.711,-6.348,-27.344
17.09,54.688,15.625,-16.602
9.277,60.059,30.762,-13.672
-2.93,55.664,10.742,-18.066
-5.859,48.828,-12.207,-25.879
12.695,47.852,-12.207,-22.461
28.809,49.316,13.184,-9.766
19.531,51.758,45.898,-4.883
8.789,54.199,30.762,-2.93
3.906,48.828,0.488,-6.348
16.602,45.41,-11.719,-12.207
32.227,46.387,-3.418,-5.859
26.367,48.34,24.414,0.488
19.043,55.664,40.527,3.418
12.695,53.711,38.086,-1.953
14.648,48.828,32.715,-6.348
32.227,49.805,52.246,6.348
30.762,47.852,68.848,13.184
20.996,48.828,61.523,8.789
16.113,48.34,43.945,0.0
22.949,44.922,29.785,-3.418
41.992,46.387,24.902,7.812
41.016,54.199,52.734,18.555
30.762,57.129,63.965,20.996
23.438,49.316,41.016,8.789
22.461,43.457,21.484,-1.465
38.086,45.898,31.25,7.812
46.387,51.758,63.965,18.066
36.133,50.293,52.734,19.531
17.578,40.527,31.738,7.812
15.137,36.621,36.133,-0.488
38.574,36.133,36.133,8.789
47.852,37.109,55.176,17.09
34.18,41.016,82.031,19.531
24.414,39.062,66.406,16.602
24.902,41.504,40.039,11.23
36.621,45.898,45.41,10.742
46.875,49.805,80.078,20.996
45.41,51.27,82.031,25.391
37.598,48.34,57.617,19.043
33.203,50.781,49.805,12.695
41.504,53.711,44.922,9.277
52.734,55.176,55.664,13.672
44.922,60.059,65.918,18.066
29.785,52.734,33.203,15.137
29.785,49.316,6.836,10.742
42.48,51.27,-7.324,9.766
58.105,46.875,7.812,19.531
49.805,47.852,46.875,22.949
32.227,44.434,33.203,17.578
24.902,39.551,16.113,14.648
31.738,35.645,25.391,21.484
49.805,31.25,41.504,26.367
47.363,27.832,49.805,29.297
30.762,29.785,40.527,28.32
19.043,34.18,29.297,16.602
25.879,35.156,36.133,10.254
39.551,32.715,32.715,20.02
34.668,33.203,57.617,31.25
27.344,31.25,55.176,31.738
22.461,25.391,14.648,27.344
31.25,28.32,15.137,21.484
45.41,34.18,36.133,25.879
41.504,35.645,42.48,33.203
36.133,27.344,27.344,34.668
27.832,22.461,-1.465,27.832
18.066,28.32,-1.953,2.441
33.203,36.621,13.672,0.488
42.48,41.016,33.691,17.09
30.273,39.062,50.781,24.414
22.949,40.039,36.133,19.531
24.902,38.086,19.531,13.672
40.527,32.227,23.926,24.414
45.898,34.668,42.48,36.133
39.062,41.016,44.922,40.527
28.32,37.598,29.785,36.621
27.344,35.645,18.555,29.785
44.434,34.668,8.301,32.715
53.711,34.668,26.855,40.527
48.34,44.922,49.316,41.504
39.062,47.363,30.762,33.691
34.18,41.016,4.883,25.879
45.41,38.086,20.02,28.809
55.664,45.41,49.805,37.598
42.48,49.805,39.551,36.621
30.762,46.875,34.668,27.832
27.344,43.945,33.691,18.066
37.109,41.504,40.039,21.484
52.246,47.363,53.711,32.227
41.992,54.199,43.457,39.062
30.762,55.176,29.785,37.109
27.832,54.688,22.949,27.832
39.062,55.664,11.719,27.832
56.641,57.617,20.02,34.18
50.293,62.5,41.016,36.621
39.551,64.453,35.645,34.668
35.156,57.617,10.254,25.391
45.41,56.152,4.883,23.438
65.43,61.035,19.531,38.574
54.199,59.57,35.156,44.434
38.574,54.199,19.043,38.574
34.668,53.223,-16.602,33.691
40.039,52.734,-12.207,30.762
59.57,59.57,24.902,37.109
58.105,70.312,45.41,39.551
41.992,73.73,39.551,33.203
33.691,70.801,31.738,26.855
40.039,66.895,18.555,18.555
57.129,67.871,28.809,28.32
57.129,70.801,53.223,40.527
41.016,68.848,43.457,35.645
29.785,65.918,20.02,27.832
29.297,64.941,6.836,22.461
43.945,63.965,29.785,26.855
47.363,62.5,60.547,31.738
33.691,57.617,57.617,28.809
22.461,51.758,36.621,24.414
26.367,57.129,24.414,21.973
47.852,60.059,32.227,32.715
60.059,58.105,44.434,38.574
51.27,61.523,68.848,40.527
35.156,58.594,61.035,34.18
30.762,54.688,30.762,28.32
46.387,57.617,43.945,38.086
55.176,60.547,74.219,47.852
45.41,56.152,63.477,47.363
30.762,54.199,50.293,34.668
21.484,57.617,35.645,22.949
34.668,55.176,11.719,30.762
51.27,56.641,24.902,42.969
39.551,61.035,50.781,41.016
22.949,54.688,34.18,33.691
17.578,53.711,18.066,30.273
30.762,57.129,25.391,30.762
41.504,57.617,49.316,36.133
36.621,59.57,51.758,40.527
30.762,60.059,23.438,37.109
22.949,60.059,-0.977,28.809
33.203,57.617,-2.93,28.809
44.434,58.105,23.926,32.715
25.879,57.129,44.922,27.344
15.625,53.223,20.996,21.973
11.719,57.129,11.719,12.695
18.066,57.129,31.738,10.254
43.945,56.641,36.621,22.461
42.969,62.012,53.223,35.156
31.25,57.617,56.152,35.645
27.344,52.734,45.41,28.32
32.715,54.199,40.527,26.855
51.758,54.688,49.805,37.109
53.223,53.223,77.637,44.434
40.039,48.828,78.125,41.504
29.785,49.805,61.035,34.668
35.156,50.293,52.246,28.809
50.293,42.969,43.945,33.203
43.457,42.48,49.316,35.156
30.273,47.363,35.645,34.18
27.344,44.434,3.906,27.832
30.273,39.062,-6.348,24.414
47.363,44.922,11.719,34.18
51.27,49.805,39.551,42.48
36.133,43.945,21.484,40.039
24.414,43.457,-2.441,28.809
22.949,46.875,10.254,22.461
39.062,41.016,11.719,27.344
46.387,41.504,14.16,29.297
35.645,46.875,3.418,29.297
25.879,46.387,-18.555,23.926
26.855,47.363,-14.648,17.578
49.805,45.41,-24.414,28.32
60.059,46.875,-15.625,37.109
48.34,54.199,13.672,36.133
38.574,53.223,-13.672,29.785
35.645,50.781,-39.551,18.555
48.34,53.223,-24.414,21.973
55.176,55.176,3.906,32.227
47.852,55.176,30.273,32.715
37.598,55.176,-1.465,29.785
28.809,56.152,-30.273,25.391
42.48,53.223,-13.672,26.855
61.523,51.27,20.02,38.086
52.734,52.734,36.621,41.504
38.086,53.223,15.625,31.25
27.344,50.293,5.371,22.949
37.598,43.457,-7.324,24.902
51.758,42.969,-5.859,37.109
36.621,48.828,16.602,43.945
23.926,56.641,16.602,44.922
19.531,57.129,2.93,38.086
30.762,53.223,7.324,32.715
46.387,48.828,3.418,41.016
38.574,48.828,7.812,43.457
28.32,54.688,25.391,40.039
26.855,56.152,0.977,34.668
34.18,55.176,-7.812,33.691
50.781,57.129,10.742,40.039
43.457,59.082,22.461,37.109
27.344,52.246,14.16,32.227
16.602,48.34,16.602,25.391
17.578,47.363,21.973,22.949
39.551,47.852,22.461,25.879
42.969,51.758,40.039,31.738
30.273,49.805,55.176,30.273
17.09,43.945,32.715,19.043
20.02,42.969,13.184,17.578
40.527,47.363,33.203,29.785
41.504,51.27,54.199,40.039
29.297,48.34,46.875,37.598
23.926,44.922,22.461,28.809
23.926,44.434,6.836,27.832
39.062,41.992,7.324,35.645
52.734,44.434,23.926,41.504
42.48,50.781,51.27,41.016
25.879,44.434,24.902,36.621
24.414,37.109,-1.953,31.738
41.016,38.574,18.066,32.715
54.688,44.922,41.504,41.016
44.922,46.875,41.992,41.504
32.715,49.316,25.391,35.645
29.785,51.758,10.742,28.809
41.016,51.27,11.719,26.855
56.641,45.898,28.32,36.621
47.363,43.457,37.109,39.062
27.832,46.875,37.598,28.809
25.391,47.363,32.715,21.484
42.48,43.945,17.578,24.902
51.758,44.922,29.785,32.227
39.551,51.27,45.41,35.156
29.785,49.316,26.855,34.668
26.855,51.27,10.742,24.414
40.039,57.129,11.719,19.043
50.781,51.758,5.859,24.902
41.992,54.688,17.578,27.832
34.668,58.594,7.324,22.949
28.809,57.129,-15.625,11.719
35.156,64.453,4.395,14.648
50.781,62.5,6.348,25.391
54.199,60.059,22.461,26.855
40.039,59.57,40.039,25.879
30.762,57.129,13.184,19.043
39.062,58.105,-2.93,13.672
51.758,59.082,17.09,21.484
55.664,59.082,21.973,28.32
48.828,55.664,16.113,28.32
36.621,56.641,17.09,19.531
41.504,59.082,-7.812,14.16
61.523,55.664,-17.09,20.508
56.152,59.082,16.113,30.762
43.945,63.477,31.25,37.109
36.133,56.152,2.441,21.484
31.25,52.246,-5.371,4.883
49.316,57.129,12.695,13.184
53.711,59.082,33.691,27.832
37.598,54.688,20.996,26.855
29.785,51.27,-4.395,18.555
35.645,55.664,-10.742,13.672
48.828,51.27,-16.602,20.02
49.316,43.457,-6.348,32.715
41.504,44.922,-1.465,34.668
29.297,42.969,-13.184,24.414
22.949,41.992,-1.953,16.113
40.039,40.527,1.953,17.578
45.898,40.039,1.953,26.367
32.227,44.434,19.531,31.738
19.531,33.691,8.301,32.715
15.625,31.738,-10.254,27.832
55.176,45.898,-19.531,39.551
72.754,46.387,3.906,53.223
37.598,40.527,20.996,40.039
19.531,33.203,-1.953,33.691
9.766,27.832,-16.602,36.621
21.484,26.855,-14.16,36.621
38.086,26.855,17.578,43.457
32.227,27.832,39.062,55.664
22.949,21.973,30.762,53.711
20.02,15.625,27.344,46.387
35.156,17.578,30.273,49.316
47.852,19.531,13.184,44.922
38.574,25.391,24.902,43.945
32.227,28.32,28.809,48.34
29.297,24.902,4.883,31.738
38.574,26.367,-1.465,31.25
54.688,31.738,25.879,48.34
50.293,34.18,52.246,50.781
41.016,34.18,37.109,49.316
34.668,33.691,11.23,36.621
34.18,30.762,5.371,29.297
48.34,25.391,29.785,41.016
50.293,27.832,50.781,49.316
42.48,30.762,45.41,48.828
35.156,34.18,20.996,41.992
38.574,41.504,18.066,39.551
52.246,46.387,16.602,47.363
52.246,45.41,6.348,54.199
41.992,46.875,31.738,51.758
34.18,46.387,34.18,42.48
36.621,46.875,23.926,37.598
52.734,48.34,38.574,45.898
56.152,43.945,58.105,55.176
44.434,41.504,49.805,55.664
38.086,37.598,25.391,45.41
29.297,33.691,25.391,35.645
43.945,33.691,40.039,41.016
56.641,39.062,54.199,48.34
45.41,44.922,59.57,49.805
35.645,42.48,17.578,46.875
28.809,40.527,4.395,34.18
42.969,37.598,26.855,34.668
58.594,34.18,36.133,43.457
47.852,40.039,62.988,41.992
33.203,38.086,56.641,32.715
23.438,32.715,41.504,21.484
40.039,34.18,39.062,26.367
54.688,38.086,55.664,38.086
41.016,39.062,62.5,34.18
32.227,39.551,33.203,28.32
26.367,42.48,6.836,18.066
35.156,42.48,2.93,18.555
52.734,45.41,39.062,28.32
47.852,48.828,62.5,25.391
33.203,44.922,43.457,23.438
22.461,38.086,10.742,20.508
30.762,37.109,7.324,15.137
52.734,37.598,18.555,23.438
50.781,40.527,30.273,28.809
34.18,41.016,26.367,25.391
21.973,38.574,3.906,18.066
30.273,41.016,12.695,14.16
48.34,37.109,22.461,28.32
44.922,33.203,20.508,30.762
35.156,35.156,27.344,23.926
23.926,40.527,9.766,17.578
25.391,42.969,13.184,16.602
44.922,36.133,17.578,25.391
46.875,34.668,18.555,26.855
29.785,40.039,24.414,28.809
24.414,40.039,-4.883,20.508
25.391,41.016,-16.113,8.789
35.645,43.945,-0.488,15.625
42.969,44.922,35.156,30.273
34.668,43.457,32.227,30.273
20.508,39.551,-5.371,23.926
18.066,41.016,-4.395,18.555
37.109,42.969,4.883,21.973
40.527,38.574,10.254,28.32
27.832,39.062,25.391,26.367
21.973,45.898,18.066,24.414
16.602,49.805,16.113,15.137
31.25,47.852,18.066,19.043
49.316,48.34,27.832,32.715
41.992,52.734,32.227,30.273
24.414,52.734,3.906,29.785
23.438,50.293,-17.09,22.461
39.062,47.363,-1.953,20.02
43.945,46.875,7.812,30.273
35.645,54.199,17.09,28.32
33.203,59.57,25.879,25.879
31.25,49.805,-8.789,14.16
33.691,43.945,-21.484,9.277
42.969,46.387,-4.883,17.578
40.527,49.316,-0.488,21.973
28.32,48.34,-14.16,19.531
19.043,42.969,-11.23,9.766
38.086,43.457,3.418,12.207
53.711,46.387,25.391,24.414
36.621,45.898,31.25,19.043
28.32,44.434,20.02,13.672
17.578,42.48,0.0,5.371
24.414,41.504,11.23,0.488
45.41,38.574,22.461,5.371
40.527,32.715,29.785,10.254
33.691,24.902,51.27,23.926
48.828,23.926,28.809,39.062
51.27,36.133,12.207,25.879
32.227,41.016,29.785,-10.254
32.227,42.48,28.809,-4.883
25.391,48.828,7.812,10.254
4.395,44.922,-15.625,-9.766
4.883,43.457,-15.137,-21.973
10.742,52.734,-20.508,-29.297
17.09,51.758,-5.859,-15.137
11.23,57.129,29.297,-13.184
-12.695,61.523,0.0,-36.621
-6.836,55.176,-11.23,-27.344
13.184,55.664,2.441,-26.855
21.484,58.594,14.16,-25.391
14.16,56.152,22.949,-13.672
0.488,53.223,2.93,-15.625
7.324,51.758,-8.789,-21.484
28.809,51.758,-15.137,-9.277
37.598,56.152,-9.766,2.93
31.738,60.059,21.973,0.977
24.414,55.664,7.324,-6.348
20.508,49.316,-16.113,-6.348
33.203,46.875,-10.254,1.953
45.41,50.781,9.766,6.348
41.992,55.176,21.973,7.324
32.227,51.27,-0.977,4.395
17.578,46.875,-17.578,-8.301
29.297,49.805,4.883,-2.93
48.34,54.199,28.32,11.23
44.434,55.176,29.785,8.301
32.227,51.27,20.996,0.0
22.949,52.734,16.602,-6.348
31.25,53.711,29.297,3.418
45.41,51.758,45.41,15.137
41.016,54.199,49.805,19.531
33.203,54.688,38.086,18.066
28.32,53.223,9.766,13.672
37.598,53.223,-0.977,13.184
56.152,53.711,19.043,16.113
46.387,53.223,33.691,20.996
28.809,48.34,17.09,24.414
20.996,41.992,-22.949,21.973
29.785,41.504,-21.973,21.484
48.34,43.457,-12.207,31.25
49.316,46.875,-16.602,32.227
38.574,52.734,4.883,22.949
29.297,53.711,-1.465,20.02
42.969,51.27,-8.301,26.855
65.43,54.199,18.555,33.691
54.688,56.152,27.832,36.621
37.598,50.781,9.766,36.621
33.203,46.875,-3.418,25.391
38.086,48.34,0.977,20.508
58.105,45.898,-1.953,27.832
65.918,47.852,14.648,35.156
50.781,51.27,31.25,36.621
33.691,44.922,8.789,25.879
31.25,40.527,19.043,13.184
45.898,43.457,29.297,23.926
48.34,43.945,30.273,43.945
36.621,45.41,51.27,47.852
26.855,47.363,39.062,43.457
30.762,47.363,26.367,34.668
49.316,48.34,47.852,33.691
59.57,56.152,69.824,47.363
50.293,56.152,63.477,49.316
40.527,52.734,48.828,40.527
31.738,54.199,56.152,29.785
43.457,53.711,62.5,26.855
52.246,50.781,83.008,34.18
37.598,49.805,93.262,37.598
32.715,53.223,73.73,37.598
31.25,59.082,68.848,30.273
41.992,54.688,77.637,27.344
53.223,48.828,93.75,39.551
44.434,53.711,111.328,42.969
39.551,56.641,94.238,36.133
32.227,52.734,61.523,25.391
41.992,54.199,79.59,23.926
57.617,53.711,78.125,26.367
41.504,51.758,72.266,26.367
27.832,57.617,79.59,26.855
27.344,54.688,45.41,24.414
37.109,52.246,42.48,23.438
57.617,55.664,55.176,32.227
51.758,51.758,52.246,35.645
33.203,47.363,38.574,30.273
30.273,46.875,2.441,22.949
36.133,44.922,12.207,17.09
47.852,35.645,33.203,23.438
49.316,36.621,40.039,31.738
31.25,39.062,46.875,28.32
15.137,30.762,30.762,18.555
25.879,36.133,34.668,21.973
43.457,38.574,35.645,32.715
41.504,36.133,39.551,38.086
31.25,37.598,38.574,38.086
11.23,35.645,11.719,32.715
9.766,35.645,6.836,28.809
36.621,36.621,24.902,30.273
37.598,35.156,31.738,41.992
21.973,33.203,20.508,46.875
16.602,30.273,0.0,30.273
17.578,33.203,-0.977,22.949
37.598,34.668,9.277,27.832
46.387,31.25,7.812,32.715
25.879,32.227,35.645,29.785
13.672,31.738,43.945,21.484
18.555,25.879,18.555,18.066
28.809,23.438,17.578,20.996
33.691,25.879,27.832,32.227
24.902,27.832,35.645,30.762
11.23,24.902,20.996,18.066
9.766,22.949,-2.441,9.766
27.344,30.273,9.277,15.625
42.969,34.668,15.625,22.949
31.738,35.156,20.02,24.414
22.461,36.133,16.602,23.438
23.926,39.062,-0.488,17.09
31.25,39.062,13.672,20.02
40.039,37.598,25.391,30.762
28.809,37.109,23.926,35.645
18.555,29.785,10.254,32.227
11.719,23.926,-21.484,21.484
24.414,30.273,-14.16,20.996
43.457,38.086,7.812,29.785
38.086,43.945,15.137,29.785
31.25,47.363,15.137,30.762
21.484,44.922,-10.254,25.391
24.414,43.945,-6.348,27.832
42.48,43.457,-2.441,33.203
36.133,41.504,-12.207,32.227
23.926,45.41,-3.418,36.621
17.09,45.41,-10.742,30.273
25.391,43.945,-5.371,21.484
44.434,47.363,12.207,26.855
40.527,48.34,17.578,34.668
32.227,46.875,11.719,33.203
21.484,47.363,8.301,21.484
20.996,48.34,21.973,15.137
40.527,44.434,20.02,23.926
39.062,39.551,7.812,32.715
24.902,43.457,28.32,29.297
10.254,39.062,9.766,19.043
17.09,36.133,-3.906,14.648
44.922,43.945,6.836,24.902
42.48,48.34,23.438,34.668
24.414,47.852,38.086,35.156
21.484,42.48,9.277,28.809
18.555,37.598,-3.418,20.508
33.691,38.086,10.254,22.949
40.527,38.086,6.836,27.344
26.367,38.574,16.113,22.461
20.02,37.598,7.324,19.531
21.973,37.598,-14.648,19.531
38.086,38.574,-3.418,22.461
56.641,39.062,12.207,37.109
44.434,39.551,25.879,42.48
25.879,39.062,19.531,32.715
25.391,37.598,-0.488,20.508
40.527,43.945,23.438,25.391
53.223,49.805,57.129,38.574
38.574,44.434,56.152,32.715
24.414,40.039,38.086,18.066
22.461,36.621,12.695,10.254
33.691,33.203,26.367,17.578
49.316,38.574,44.434,31.25
42.969,42.969,47.852,35.645
34.18,44.922,48.34,30.762
26.855,47.852,29.785,22.461
38.574,48.34,29.785,23.926
56.641,48.828,51.758,38.574
44.434,50.293,67.871,42.48
30.762,47.363,52.246,33.691
26.367,45.41,18.066,22.461
27.832,50.293,32.715,16.113
41.992,49.316,43.457,18.066
39.062,46.875,42.48,21.973
26.367,48.34,56.152,23.438
24.902,46.387,25.879,20.02
31.738,44.922,14.16,20.508
48.34,44.434,28.809,29.785
48.828,46.387,29.297,31.25
37.598,51.758,22.949,29.297
27.344,51.758,7.324,23.926
25.391,46.875,7.324,19.043
41.016,45.41,30.273,29.297
43.945,46.875,39.551,38.574
34.18,47.852,37.598,35.156
23.926,41.504,11.23,26.367
25.391,40.527,3.418,20.02
46.387,43.945,18.555,29.785
43.945,45.41,24.902,37.598
25.391,47.852,48.34,33.691
20.02,45.41,39.062,32.227
26.367,45.41,24.902,32.227
45.898,48.34,35.645,38.086
52.246,46.387,38.574,42.48
41.992,46.387,33.691,38.086
32.715,47.363,8.789,28.32
32.715,42.969,-11.719,19.531
42.48,38.086,4.883,22.949
44.922,38.574,4.395,27.344
33.691,40.039,-6.348,25.879
25.879,41.016,4.395,23.926
23.438,38.574,-6.348,12.207
37.598,37.109,-8.789,11.23
54.688,39.551,15.137,19.531
42.48,34.668,13.672,19.531
25.391,29.785,-7.812,14.648
15.137,29.297,-14.648,1.953
27.344,26.855,-2.441,0.977
52.734,30.762,3.906,17.578
53.223,35.645,7.812,28.32
27.344,35.645,10.254,21.484
-1.465,35.645,-8.789,-3.418
14.648,37.109,-8.789,0.0
46.875,37.109,4.883,23.926
41.504,34.18,8.301,28.32
30.273,31.25,0.977,19.531
28.32,31.25,-13.672,15.137
33.691,30.762,-3.906,22.461
48.828,32.715,19.531,26.367
49.316,34.668,38.574,32.715
38.086,33.691,40.527,30.762
25.879,33.203,11.23,20.02
29.297,36.621,13.184,22.949
45.898,35.156,24.414,31.25
48.34,34.668,29.297,36.133
38.574,38.574,32.715,39.062
28.809,34.18,0.0,34.668
33.203,34.18,1.953,30.273
53.711,35.645,23.438,34.18
59.57,30.762,0.977,41.016
46.875,37.109,0.488,33.691
29.785,46.875,27.344,23.438
22.949,44.922,17.578,21.973
38.574,37.598,18.555,29.297
45.898,40.527,29.297,38.574
39.062,45.898,24.902,40.527
37.109,45.898,14.648,35.645
44.434,47.852,26.855,31.25
58.105,45.898,41.016,44.434
56.152,46.387,41.992,57.617
41.504,47.852,38.574,51.27
30.762,42.969,6.348,46.875
26.367,37.598,-7.324,37.109
41.504,41.504,26.367,35.156
58.105,49.316,54.688,54.688
51.27,46.387,42.48,64.941
31.738,41.504,11.719,43.457
14.16,39.551,-4.395,15.625
28.32,41.016,16.113,23.438
51.758,41.992,23.926,42.969
44.434,42.969,26.367,41.992
28.32,43.945,29.785,33.691
26.367,41.016,-1.465,19.531
37.109,41.016,6.348,18.066
51.27,38.574,17.578,26.367
42.969,33.203,9.766,26.367
29.297,39.062,14.648,21.973
25.879,42.969,-10.742,14.16
31.738,41.992,-11.719,17.09
51.27,39.551,3.418,31.25
51.27,37.598,2.441,40.039
34.18,41.992,6.348,35.156
26.367,42.48,-2.441,22.949
31.738,44.922,3.906,20.508
46.875,46.387,14.16,31.738
44.434,43.457,5.859,40.527
31.738,38.086,10.742,34.668
28.809,33.203,-2.93,26.855
34.18,40.527,-13.184,19.531
45.898,42.48,-14.648,25.391
45.41,36.621,-13.672,34.18
34.668,37.598,-10.254,22.949
28.809,39.551,-27.344,15.137
34.18,43.457,-9.277,14.648
47.363,45.41,12.695,23.438
47.852,41.016,27.832,34.18
39.551,39.062,27.832,33.203
24.414,38.574,-4.395,27.832
26.855,42.969,3.418,26.855
45.898,44.922,35.645,32.715
42.48,40.527,28.809,34.668
28.32,41.992,26.367,31.738
20.996,46.387,39.551,27.832
25.391,47.852,22.949,26.367
55.176,48.828,19.531,41.016
72.266,47.363,33.203,56.641
45.898,43.945,32.227,40.527
21.973,36.621,10.742,23.926
17.09,38.574,0.0,17.578
38.086,43.457,11.719,22.949
55.664,47.363,48.828,33.203
41.504,47.852,51.27,31.738
27.344,41.504,20.996,29.297
22.949,34.668,3.906,22.461
36.621,32.715,10.254,18.555
52.734,33.203,18.066,23.438
41.992,35.645,29.785,20.996
25.391,37.109,43.945,14.16
12.695,36.621,11.23,6.348
17.578,39.551,9.277,7.812
31.25,38.574,29.297,23.438
27.344,37.109,17.578,30.273
20.02,38.086,11.23,26.367
19.043,39.551,19.531,22.461
35.156,42.969,34.18,23.438
55.176,44.434,24.902,35.156
52.734,43.457,7.812,41.992
37.598,45.898,20.508,39.551
28.32,46.387,7.812,27.832
39.062,47.852,0.977,28.32
56.152,50.293,24.902,41.504
51.27,45.898,38.086,41.992
35.645,41.992,32.715,38.574
24.414,43.945,10.254,32.227
31.738,49.316,6.348,28.32
52.246,53.223,16.602,39.062
51.27,52.246,16.113,48.828
36.621,52.734,24.414,41.992
26.855,50.781,23.438,35.645
37.109,49.316,22.461,36.621
53.711,53.711,40.039,41.016
49.316,55.664,46.875,49.805
39.551,57.129,41.992,45.41
26.367,57.617,22.461,34.668
23.926,51.758,5.371,29.785
42.969,47.852,19.531,35.645
46.875,47.363,25.879,41.016
33.203,47.852,31.25,34.18
12.207,45.41,30.273,20.996
6.348,41.504,6.348,11.23
23.926,43.457,15.625,20.02
30.762,44.434,27.344,28.32
18.555,50.781,19.043,26.367
11.23,50.781,-8.789,26.367
13.672,47.852,-24.902,22.949
29.297,52.734,0.0,29.297
41.016,55.176,21.973,41.016
29.785,55.664,25.391,41.992
17.09,52.246,12.695,37.109
11.719,49.316,-3.906,24.414
31.25,54.688,6.836,20.508
49.805,49.316,8.789,33.203
38.574,43.457,3.906,34.668
26.367,48.828,11.719,26.367
16.113,48.828,-6.836,17.09
23.926,45.898,-0.488,20.996
45.41,39.062,16.602,41.016
46.387,38.086,20.996,51.758
38.086,45.41,13.184,43.945
20.996,46.387,-20.02,16.602
18.555,46.875,-4.883,4.395
36.133,49.316,16.602,15.625
36.621,44.922,0.977,22.461
20.508,42.969,12.207,19.531
8.301,40.039,-11.23,9.766
20.508,37.109,-23.926,8.301
44.922,37.598,-8.789,21.484
47.852,41.016,-1.465,33.691
34.668,42.969,0.488,30.762
24.414,41.504,-18.555,23.438
28.809,43.457,-14.648,20.02
50.293,42.48,6.348,28.32
52.734,45.41,24.414,37.109
34.668,47.363,29.785,33.203
20.02,46.387,20.02,23.438
19.043,43.945,20.02,17.578
42.48,42.48,29.297,25.879
49.805,41.504,22.949,31.25
38.574,43.457,24.902,26.367
29.297,47.852,11.23,23.438
25.391,45.41,0.488,13.184
40.039,41.504,24.902,16.602
45.898,44.434,32.715,28.809
28.809,49.805,19.043,27.344
13.184,46.387,3.906,20.508
15.137,47.363,14.16,11.23
32.227,52.246,39.062,16.113
41.504,49.805,33.691,23.926
29.297,45.898,29.785,23.438
12.207,41.504,31.25,20.02
10.742,41.016,15.137,14.648
26.855,42.969,28.809,21.484
41.504,40.039,35.156,35.645
32.715,41.992,30.273,35.645
20.02,43.945,15.625,26.367
20.508,43.457,-12.695,19.043
34.18,50.293,15.625,23.438
50.781,54.199,32.227,31.738
45.898,53.223,10.742,27.344
29.785,55.664,24.414,22.949
20.02,58.594,21.484,18.555
30.762,55.664,20.996,20.996
43.457,56.152,48.34,32.227
36.621,55.176,50.781,30.273
29.785,54.199,46.387,26.855
20.02,48.828,31.738,19.531
25.879,38.574,22.461,14.16
46.387,40.039,28.32,25.879
42.969,44.922,28.809,31.738
31.25,45.41,38.574,29.785
25.879,43.945,26.367,26.855
32.715,41.016,19.531,19.043
51.27,38.574,37.109,27.832
50.781,41.016,44.922,40.039
38.086,45.898,48.828,31.738
24.902,43.457,39.062,20.508
21.973,41.504,33.691,14.16
38.086,46.875,55.664,22.949
40.039,42.48,68.848,33.691
31.25,36.621,44.922,33.691
24.902,37.598,28.809,28.32
29.297,41.016,36.621,24.414
45.41,41.504,48.828,33.691
47.363,41.016,34.668,36.621
34.668,43.945,35.156,31.25
22.461,48.828,39.551,22.461
20.996,48.828,13.184,17.09
39.062,52.734,33.691,23.926
44.922,52.246,51.758,34.668
27.832,47.363,41.016,31.25
17.578,49.316,25.391,23.438
17.578,44.434,-6.348,21.484
28.809,41.016,4.395,26.855
35.645,44.922,24.902,34.668
25.391,45.898,26.367,31.25
16.602,49.316,20.508,19.043
17.578,51.27,4.395,7.324
28.32,46.387,25.879,3.418
41.992,43.457,30.762,17.09
41.504,45.41,23.926,31.25
30.273,46.875,23.438,20.996
17.09,46.387,-1.953,-0.488
24.414,48.34,17.578,1.953
40.039,44.922,20.996,20.02
34.668,46.387,12.207,21.973
26.367,52.246,20.508,19.043
20.508,48.828,-0.977,17.09
31.738,48.34,14.16,17.09
51.758,49.805,18.066,27.832
42.969,50.781,5.371,32.715
25.391,52.246,3.906,23.438
17.09,52.246,-13.184,15.137
22.949,52.246,9.766,15.625
37.598,48.828,43.945,23.926
38.574,49.316,42.969,33.203
26.367,51.27,36.621,33.203
17.578,46.875,28.809,24.414
21.973,44.434,34.18,25.391
39.062,48.34,63.965,34.668
42.48,47.363,57.129,38.086
29.785,46.875,53.711,33.203
14.648,50.293,49.316,20.02
20.508,53.223,30.273,14.16
46.387,52.246,35.156,24.414
47.852,49.805,34.668,29.785
29.297,48.34,31.25,30.762
22.461,41.992,13.672,26.367
27.344,35.156,-1.465,18.555
38.574,37.598,33.691,25.391
42.969,40.527,42.969,31.738
33.691,43.945,37.109,23.438
24.414,50.781,50.781,15.625
21.973,50.293,33.203,14.16
30.273,46.387,40.527,20.02
39.551,47.363,40.527,31.25
31.738,48.34,24.414,35.645
16.602,44.922,9.766,31.25
15.137,40.527,-12.207,25.879
36.621,43.945,-3.906,29.785
47.363,48.34,9.766,41.016
36.621,50.293,14.16,45.898
26.855,51.27,0.977,41.504
24.414,52.246,-17.09,31.738
38.086,56.152,9.277,35.156
55.664,56.152,19.531,45.898
45.898,52.246,12.207,48.34
29.297,49.805,16.113,44.434
26.855,50.293,11.23,35.156
32.715,48.828,28.32,31.738
40.527,46.387,41.504,43.457
39.062,47.363,40.039,51.758
33.203,44.922,33.203,49.316
25.391,43.945,21.484,45.41
36.621,45.898,45.898,43.945
56.641,47.852,60.059,55.664
43.457,49.805,44.434,62.988
20.508,50.293,41.016,56.152
13.672,48.34,23.926,52.246
21.484,42.969,18.555,48.828
44.922,40.039,25.391,56.152
44.922,41.016,20.508,61.035
27.344,45.41,33.691,55.664
18.066,42.969,26.367,49.805
21.484,41.504,8.301,47.852
40.527,48.828,35.645,61.523
47.852,50.781,29.785,71.289
35.645,51.758,27.344,65.43
21.484,52.246,37.598,59.57
27.832,50.293,22.949,52.246
49.805,54.199,38.574,49.316
56.152,56.152,52.734,53.223
42.48,52.246,43.457,53.223
30.762,50.781,15.137,41.992
32.227,48.828,0.488,28.809
44.434,45.41,34.18,38.086
49.805,41.016,35.156,47.852
39.551,41.504,33.203,38.574
25.391,41.016,41.504,30.273
22.949,37.598,11.23,25.391
39.062,44.434,20.02,33.203
53.711,47.852,27.344,47.363
46.875,47.363,24.902,53.223
32.227,45.41,22.461,43.457
28.32,44.922,4.883,30.762
46.387,48.34,19.531,35.156
57.617,47.852,31.738,42.48
39.551,45.41,21.973,40.039
24.414,41.504,4.883,26.855
24.414,42.48,-2.441,13.184
32.715,46.875,27.832,15.625
41.504,42.969,31.25,27.832
34.18,42.969,14.648,28.32
20.508,47.363,31.738,22.461
13.672,47.852,31.25,19.043
26.855,45.898,34.668,15.137
45.41,46.387,49.316,23.438
35.645,52.246,42.969,34.668
19.043,53.711,29.785,27.344
16.113,46.875,15.137,16.113
25.879,40.527,18.555,14.16
37.598,45.41,40.039,27.832
34.18,49.805,37.598,31.25
22.461,49.805,37.109,20.508
15.625,49.805,31.738,13.184
25.391,45.898,20.996,13.184
42.48,47.363,25.391,21.484
41.992,46.875,24.414,23.438
31.25,51.758,27.832,17.578
23.926,56.152,15.625,11.719
33.203,51.27,4.883,7.812
51.758,49.316,10.742,17.09
46.875,51.27,5.371,24.414
34.18,56.152,9.277,21.973
25.879,57.617,1.465,16.602
22.949,55.176,-10.254,14.16
37.109,49.805,4.395,24.902
41.992,42.48,6.836,34.668
29.297,43.457,6.348,29.785
17.578,42.48,0.0,21.484
18.555,32.227,-9.766,15.625
38.086,35.156,9.766,22.461
50.293,40.039,12.695,36.133
41.504,39.551,9.766,34.18
32.227,36.133,-4.395,27.344
28.32,33.203,-19.531,23.438
39.551,34.668,11.23,20.508
49.805,34.18,10.742,28.32
40.527,32.227,-10.742,33.203
24.902,36.621,9.277,27.344
19.531,35.645,3.418,19.043
33.691,35.156,9.277,20.996
38.574,36.133,34.668,29.785
27.832,36.133,32.715,28.32
18.555,41.016,14.648,25.879
14.648,45.41,0.0,14.16
37.109,49.805,8.301,15.625
68.359,51.27,19.531,44.434
50.293,45.898,16.602,42.969
14.648,43.945,18.066,16.113
14.16,45.41,5.371,12.207
34.18,44.434,18.066,22.949
42.48,34.18,37.109,31.25
40.039,28.809,27.344,41.016
39.551,34.18,18.555,41.992
27.344,31.25,4.395,26.855
33.691,30.273,1.465,27.344
56.641,30.273,23.438,40.527
49.805,29.297,30.762,38.574
38.086,29.785,21.973,30.762
26.367,31.25,8.789,19.043
25.391,28.809,0.488,14.16
41.504,25.879,25.391,29.297
43.945,23.438,12.207,40.527
31.738,22.949,11.719,34.18
24.414,25.391,20.02,23.926
33.203,22.461,10.742,25.879
52.246,20.508,35.645,31.738
54.688,19.531,47.363,36.621
38.086,21.484,40.039,37.598
30.762,26.367,15.625,25.879
37.109,25.879,3.418,19.531
50.781,26.855,27.344,22.949
58.105,23.438,26.855,27.832
45.898,23.438,20.996,28.809
29.297,32.227,36.133,22.461
31.738,33.691,21.973,16.602
49.805,36.133,46.387,24.414
52.246,34.668,42.48,37.598
36.621,35.156,20.02,35.645
26.855,37.598,20.996,31.25
33.203,34.668,5.371,28.32
46.387,30.273,14.16,27.344
54.199,27.832,29.785,38.574
45.898,30.273,41.992,41.504
36.133,30.273,22.461,33.203
28.809,30.273,10.254,25.879
38.574,33.203,42.48,29.297
52.246,32.227,49.316,40.039
41.992,29.297,35.156,40.039
27.344,31.738,39.062,30.273
21.973,32.715,17.578,16.602
36.621,39.551,32.227,13.672
52.246,45.41,52.734,24.902
42.969,41.504,32.715,32.227
32.227,40.527,20.996,27.344
25.879,41.016,18.066,20.508
31.738,41.992,32.715,20.02
44.434,45.41,62.988,26.855
43.457,41.504,41.992,29.297
31.25,39.551,38.574,23.438
20.02,41.016,50.293,13.672
29.297,37.598,52.246,16.602
41.016,35.645,76.66,19.531
33.203,31.738,75.684,16.113
28.809,29.297,72.754,22.949
20.996,24.902,55.176,14.648
19.531,22.949,56.641,5.371
43.457,30.762,89.355,19.531
48.34,32.715,75.195,29.297
37.109,36.133,55.176,26.367
24.902,38.574,62.988,21.973
26.367,34.668,55.176,22.949
49.805,39.551,63.965,37.598
55.176,44.434,65.918,44.922
39.062,46.875,61.035,38.086
26.855,40.527,42.48,30.762
26.855,35.645,26.855,30.273
42.969,43.945,42.969,38.574
54.688,44.434,46.875,46.387
45.41,42.48,37.109,42.969
30.762,39.551,34.668,37.598
31.25,39.551,20.508,37.598
44.922,39.551,38.574,43.945
54.199,35.156,38.574,52.246
44.434,36.621,22.461,49.316
31.738,41.016,19.043,40.527
32.227,45.898,0.977,34.18
42.969,49.316,20.02,36.133
49.316,46.875,41.016,40.039
35.645,43.945,35.645,36.133
20.02,45.41,29.785,23.438
12.207,47.852,17.578,14.648
28.809,50.293,22.949,17.578
45.41,49.316,32.715,28.32
35.645,47.363,18.555,34.668
38.574,55.176,18.555,39.551
43.945,49.316,9.277,42.48
35.645,39.551,12.207,31.738
36.133,38.574,30.762,29.785
28.809,34.18,29.785,35.156
14.648,32.227,23.438,33.203
3.418,29.297,-5.859,19.043
17.09,25.879,-2.93,19.043
38.574,28.809,36.621,26.855
29.785,34.18,57.617,22.949
20.508,33.203,48.34,29.785
13.672,29.785,23.926,22.461
20.996,30.273,24.414,17.09
41.504,34.668,53.711,34.18
37.598,31.738,54.688,45.898
20.02,28.32,50.293,45.41
11.23,29.785,50.781,34.668
17.09,32.227,46.387,27.832
31.25,38.086,50.293,37.598
36.621,38.086,36.133,43.457
32.227,34.18,26.367,35.156
21.484,38.086,31.25,27.832
20.02,34.18,20.508,23.926
35.156,29.785,46.875,24.902
41.992,31.738,59.082,36.621
31.25,34.668,47.852,38.574
15.137,34.668,23.438,27.344
12.207,29.785,4.883,17.578
32.227,29.297,24.414,21.973
40.039,31.25,28.32,34.668
24.902,26.855,17.09,36.133
12.695,23.438,9.277,24.902
15.137,23.926,10.742,19.531
33.203,27.832,37.109,27.344
40.527,28.809,41.992,42.48
31.738,26.855,36.133,46.875
21.484,32.227,59.57,36.133
15.137,34.668,51.27,27.344
31.738,34.18,54.688,30.273
47.363,36.621,66.895,44.434
37.109,37.598,60.059,46.387
29.785,39.062,58.105,39.551
30.273,36.621,31.738,36.621
42.48,40.527,33.691,34.668
60.547,47.852,47.852,42.969
49.316,41.504,31.738,43.457
24.414,40.039,41.504,35.645
13.184,41.016,36.621,28.32
23.438,43.457,34.18,25.879
42.48,49.805,43.457,39.551
35.645,45.898,24.414,43.945
22.949,40.527,7.324,36.621
16.602,38.086,-1.953,26.855
24.414,37.598,-5.371,22.949
40.527,39.062,2.93,35.645
37.109,44.434,20.508,38.086
23.926,51.27,26.367,31.738
19.043,51.758,14.16,30.273
25.391,46.875,14.16,26.367
41.016,44.434,39.551,29.785
42.969,42.48,14.16,32.227
28.32,40.527,-10.254,25.879
11.719,44.922,-0.488,15.137
18.555,48.34,-5.859,15.625
43.945,51.758,15.137,27.832
41.504,50.293,29.297,33.691
25.391,45.41,18.066,35.645
17.578,38.574,5.371,29.297
24.414,35.156,7.812,22.949
43.457,36.133,35.156,28.32
46.875,33.691,36.133,44.434
35.645,35.156,20.996,43.945
45.898,39.551,8.789,47.852
61.035,36.133,0.488,58.105
28.809,40.527,15.625,15.625
7.812,42.48,9.277,-11.23
8.301,31.738,-3.418,1.953
-9.277,31.738,-3.906,-13.184
-30.762,33.691,-13.672,-37.598
-31.738,31.738,12.695,-41.504
-25.391,26.367,36.621,-39.551
-41.504,31.738,27.832,-41.992
-61.035,36.621,29.297,-59.57
-69.824,34.18,25.879,-77.637
-59.082,27.344,26.367,-79.59
-45.41,35.156,23.926,-69.824
-47.363,53.711,18.066,-56.641
-60.547,52.246,31.25,-58.594
-62.012,50.781,31.738,-58.594
-32.227,50.781,50.781,-40.039
-7.812,44.922,50.781,-15.625
-13.672,43.457,9.277,-4.883
-20.508,45.898,23.438,-9.277
-22.949,43.945,31.738,-13.672
-8.301,40.039,17.578,-9.766
11.23,42.969,32.227,0.977
8.789,41.504,32.715,7.812
3.906,37.109,25.391,10.742
-0.977,30.762,-2.441,0.0
9.766,28.32,-5.371,1.953
28.32,31.25,14.16,20.508
26.367,32.227,8.789,27.832
18.555,31.738,-0.977,27.832
14.648,34.18,-24.902,18.555
23.926,37.598,-14.16,18.066
41.016,41.992,33.203,27.344
40.039,39.062,10.742,32.227
27.832,39.551,-2.441,27.344
16.113,40.527,1.953,16.602
24.414,39.551,-12.695,15.137
48.34,44.434,26.855,21.973
48.828,42.48,31.738,28.32
33.203,37.598,20.996,26.855
28.809,32.227,11.23,18.066
32.227,24.414,-16.113,12.695
51.27,35.156,2.441,30.273
60.547,40.527,4.883,43.945
48.828,34.668,-12.207,34.668
31.738,41.016,-2.441,20.996
27.344,39.551,-9.766,19.531
41.016,36.133,0.488,26.855
42.969,39.062,-5.859,32.227
30.273,43.945,-10.254,27.344
26.367,41.992,-5.371,15.137
30.273,41.016,-11.719,5.859
44.922,47.363,1.953,17.578
59.57,49.805,0.488,42.48
36.621,42.969,-8.301,25.391
9.277,41.016,12.695,1.953
6.348,41.504,13.672,-3.418
19.043,41.016,17.09,-1.953
32.227,44.434,22.949,7.324
21.973,34.668,3.418,2.441
15.625,30.762,-0.977,-3.906
10.742,38.574,-4.395,-8.301
19.043,41.504,12.207,-3.906
40.527,44.434,30.273,7.812
31.25,44.434,23.926,7.324
16.113,38.086,14.648,5.371
12.695,37.598,-1.465,2.93
20.996,37.109,5.371,5.859
40.039,40.527,46.387,29.785
38.574,39.551,40.527,36.133
24.414,29.785,29.785,23.438
14.648,31.25,38.574,17.09
27.832,38.086,35.645,19.531
48.34,40.527,50.293,29.785
42.969,36.133,46.387,34.668
32.227,36.133,39.551,32.227
27.344,37.109,28.32,26.855
36.133,26.367,11.719,25.391
59.57,23.438,33.203,31.738
58.594,29.297,24.414,37.598
41.504,23.438,3.418,33.691
29.297,20.996,9.277,29.297
33.203,27.344,-0.488,30.762
50.781,26.855,18.555,35.645
51.758,22.949,17.578,43.457
38.086,25.391,3.418,41.016
29.785,23.926,-8.301,28.809
35.645,21.484,-8.789,26.855
53.223,27.832,7.324,36.621
58.594,32.715,0.488,43.945
44.922,33.691,12.207,39.551
35.645,31.738,11.719,32.715
34.668,29.785,-8.301,26.855
44.922,29.297,6.836,27.344
51.27,32.715,25.879,39.062
43.945,39.062,26.855,39.062
31.25,41.992,33.203,28.809
23.438,33.203,13.672,19.043
37.598,26.855,17.578,20.996
53.711,34.668,41.504,34.668
46.387,34.18,34.18,31.25
31.25,28.32,30.273,20.996
28.809,24.902,34.668,20.996
42.48,12.695,60.059,27.832
56.152,14.16,77.148,41.992
52.246,26.855,62.988,48.828
39.551,34.668,53.711,39.062
26.855,36.133,41.992,25.391
36.133,29.785,54.199,28.32
48.828,26.367,80.078,36.621
38.574,17.09,44.434,33.691
23.926,14.16,46.875,22.461
19.043,17.09,49.805,9.766
36.133,17.578,23.438,20.996
48.34,25.879,55.176,34.18
43.457,30.762,51.27,32.227
33.203,30.762,40.527,28.809
20.508,33.691,40.527,20.996
29.785,33.203,29.785,15.625
53.711,33.203,64.453,23.438
48.34,30.762,72.754,32.227
27.344,25.879,58.594,29.785
21.484,25.879,37.109,20.02
26.855,27.344,27.344,13.672
36.133,29.785,60.059,22.461
40.039,24.902,48.828,36.133
33.203,23.438,20.508,28.809
17.09,36.621,48.828,10.254
14.648,47.852,62.012,7.324
43.457,45.898,46.387,17.09
49.805,38.086,34.668,25.879
31.25,36.621,27.832,23.438
23.926,34.18,29.785,19.531
22.461,29.297,25.391,15.625
40.527,35.156,40.039,22.949
46.875,39.062,57.617,38.574
37.109,36.133,50.781,35.156
31.25,37.109,33.203,24.414
28.32,38.086,18.066,20.996
40.039,39.062,42.48,27.344
49.316,37.598,59.082,34.18
38.574,31.25,27.832,27.344
23.438,33.691,27.832,16.602
13.184,37.598,31.25,20.02
29.785,34.18,30.273,25.391
46.875,34.18,46.387,28.809
38.086,31.25,38.574,29.785
24.902,31.738,31.738,20.02
20.996,43.945,15.625,13.184
40.527,46.387,13.672,19.043
53.711,46.875,38.574,27.344
43.945,48.828,41.992,32.227
34.18,54.199,20.02,27.344
23.926,54.199,-0.488,19.043
33.203,45.898,19.043,16.602
50.781,42.969,45.41,25.391
43.457,38.574,49.805,36.621
29.785,38.574,50.781,32.715
24.414,39.062,22.949,16.113
37.598,46.875,4.883,13.672
57.129,48.34,37.598,23.438
49.316,37.598,28.809,30.273
33.203,42.48,7.812,24.902
22.461,51.758,24.902,15.137
26.367,49.316,39.551,19.531
42.969,47.852,51.27,25.879
41.016,49.805,46.875,32.715
30.762,51.758,46.875,32.715
26.855,45.898,25.879,20.508
31.738,37.109,12.207,18.555
50.781,41.504,37.109,29.785
53.711,50.781,38.574,37.598
37.109,45.898,33.691,36.621
27.832,40.039,12.695,21.484
28.32,43.457,-0.488,10.254
42.48,45.898,25.879,19.043
54.688,44.922,21.484,31.25
45.898,39.551,-1.465,30.273
28.809,39.551,-1.465,14.648
25.391,40.527,-5.859,4.395
45.898,38.574,3.906,14.648
58.105,39.551,7.812,30.273
38.574,40.527,14.648,27.832
22.461,38.086,13.672,16.113
29.297,32.227,-20.996,7.812
43.457,27.832,-23.438,16.113
48.828,32.227,10.254,31.25
39.062,36.133,-6.836,30.273
27.832,36.621,-15.137,24.902
23.438,47.852,-1.953,19.043
41.504,56.152,-2.441,23.926
53.711,48.34,10.742,35.156
43.945,46.387,5.371,36.133
34.18,48.34,-1.953,32.715
28.32,44.922,-21.973,24.902
44.434,47.852,-4.883,28.809
62.5,51.27,21.484,42.48
51.27,48.34,12.207,42.48
33.203,43.945,-5.859,36.133
24.902,40.527,-19.043,21.973
35.645,41.016,-8.789,20.02
48.828,43.945,21.973,34.18
40.039,36.133,14.16,36.621
29.297,36.621,13.672,29.297
20.996,38.574,20.508,23.438
33.691,39.551,8.789,24.902
49.316,46.387,37.598,33.203
41.504,34.18,35.156,37.109
36.133,40.527,34.668,37.109
26.367,49.805,29.297,29.785
28.809,43.945,17.578,25.879
45.898,48.828,48.828,31.25
46.875,47.852,53.223,37.109
31.738,40.527,33.691,33.203
17.09,39.062,19.531,23.438
20.508,37.598,14.648,19.531
41.504,45.898,44.922,26.367
44.434,48.34,34.668,36.133
33.691,41.504,12.695,36.621
33.203,37.598,34.668,38.574
41.504,32.227,28.809,45.898
43.457,39.062,33.691,28.809
40.039,38.086,35.156,22.461
38.086,22.949,7.812,41.016
30.273,29.297,15.137,43.457
27.344,37.109,20.02,33.691
52.246,38.086,21.484,35.645
70.312,42.969,36.133,53.711
65.918,35.645,38.574,62.5
55.176,32.715,29.785,52.734
50.781,36.621,14.16,48.828
76.172,37.598,30.762,59.082
91.797,41.504,52.734,70.801
79.59,36.133,37.109,70.312
73.242,34.668,15.625,68.359
68.359,42.48,14.16,61.035
83.496,42.969,20.996,64.941
105.469,44.922,33.203,80.078
92.773,45.898,33.691,82.52
71.289,41.992,30.762,76.66
60.547,41.504,25.879,68.359
70.801,41.992,34.18,70.312
82.031,43.945,48.34,84.961
75.684,45.41,43.945,90.332
62.988,47.363,31.738,85.449
49.805,41.992,7.812,75.195
68.359,40.039,14.16,71.777
88.379,45.41,47.363,78.125
71.777,45.898,41.992,74.707
57.129,39.062,7.324,66.406
45.41,36.621,18.066,52.246
46.387,41.504,28.809,45.41
65.918,41.992,17.578,56.641
65.918,38.086,21.484,64.941
54.199,33.203,15.625,62.012
41.504,28.809,-3.906,50.293
43.457,26.367,-12.207,42.48
64.941,25.879,13.184,55.664
63.965,22.949,9.766,63.477
50.293,23.438,-8.789,48.828
40.039,24.414,9.277,38.574
52.734,22.949,6.836,42.969
77.637,24.902,28.32,53.711
76.66,27.344,38.574,65.918
61.035,28.32,32.227,61.523
46.387,27.344,37.598,47.852
46.387,27.344,24.902,38.086
69.336,33.203,20.996,41.504
73.73,37.109,33.203,53.223
56.641,27.832,22.461,52.246
45.898,24.902,1.953,42.48
45.41,32.715,0.488,37.109
61.523,32.715,21.484,43.945
71.777,32.227,27.832,56.152
61.035,35.156,13.672,56.641
43.945,38.574,9.766,45.898
40.527,42.48,4.883,37.109
56.641,43.457,21.484,46.387
61.523,44.434,52.246,57.617
51.27,40.039,39.062,57.617
45.41,37.598,29.297,47.363
36.133,38.086,21.973,34.18
46.875,36.133,29.785,32.227
60.059,40.527,68.848,43.457
46.387,40.527,45.898,42.48
31.738,39.062,41.992,30.273
24.414,41.016,54.688,25.391
32.715,40.039,51.758,28.809
51.758,40.039,62.012,39.551
43.945,39.062,54.688,41.504
31.25,36.133,53.223,35.156
27.832,31.25,41.016,24.902
37.598,29.297,42.969,26.367
59.082,28.809,60.547,38.086
50.293,26.855,53.223,37.109
34.18,32.715,44.434,27.344
30.273,35.156,38.574,14.16
37.598,30.762,48.34,14.648
52.246,34.18,78.613,25.879
51.27,38.086,61.035,31.738
42.969,42.48,38.574,30.273
30.762,45.898,38.086,23.438
34.18,43.457,34.668,22.461
59.082,40.527,48.828,30.273
56.641,39.062,43.457,37.598
38.086,37.109,11.23,30.762
28.809,41.992,10.742,17.09
27.832,48.34,29.297,18.555
46.875,49.805,47.363,28.32
50.293,47.852,35.156,35.156
40.527,39.062,-4.395,27.344
29.297,35.156,-10.742,14.16
24.902,36.133,-12.695,8.789
42.969,43.457,4.883,9.766
50.293,48.34,15.625,23.926
33.691,46.875,11.719,28.32
19.043,45.41,5.371,16.602
20.996,40.527,-16.113,8.301
38.086,42.969,7.812,13.184
41.992,45.41,44.922,24.414
34.18,45.41,52.246,30.273
26.855,50.781,42.969,26.367
20.508,48.828,34.18,20.508
35.645,46.387,37.109,27.344
52.734,52.734,38.574,31.738
41.504,48.828,13.672,24.414
30.273,45.41,13.184,22.461
26.855,51.27,29.297,16.113
35.156,50.293,31.25,17.09
53.711,49.805,36.133,34.668
51.27,55.176,37.109,34.668
32.715,51.27,28.809,20.02
19.531,46.387,11.23,4.883
31.25,47.852,13.672,5.859
50.293,46.387,35.156,24.902
43.457,41.504,22.461,31.738
31.25,41.992,15.137,22.949
25.391,42.969,29.297,19.531
40.527,40.039,28.809,22.461
56.152,41.016,41.504,24.414
49.805,40.527,30.762,26.855
38.574,41.016,20.508,24.414
23.438,44.434,16.602,11.719
26.367,46.875,25.879,5.371
46.387,50.781,66.895,15.625
45.898,49.316,57.617,28.809
33.203,50.293,32.227,20.02
20.02,51.27,36.133,7.324
24.414,47.363,31.25,5.859
44.922,51.758,54.688,15.137
41.992,52.734,50.293,27.832
27.832,45.41,20.996,26.855
16.602,48.34,31.738,17.09
24.414,53.223,18.555,9.766
44.922,56.152,25.391,14.648
46.875,57.129,38.574,23.438
41.016,55.176,16.113,21.973
29.297,56.641,20.996,10.742
24.414,57.129,27.832,10.742
42.48,52.734,43.945,20.996
49.316,47.363,59.082,24.902
38.574,43.945,35.645,20.508
22.949,42.969,24.902,12.695
17.578,44.434,18.066,4.395
39.551,51.758,34.18,10.254
48.34,52.246,56.641,27.832
32.715,46.387,39.062,30.273
22.461,45.41,37.598,15.137
20.996,45.41,48.34,9.277
32.715,40.527,71.289,10.742
43.945,34.668,100.586,15.137
35.645,31.738,81.055,24.902
21.973,32.715,58.105,17.578
14.648,36.133,46.387,5.371
30.273,44.922,50.781,14.16
49.316,49.316,64.941,26.367
41.504,49.805,47.363,31.25
29.297,51.758,27.832,25.391
18.555,50.293,29.297,12.207
26.367,51.758,41.504,12.207
47.852,59.57,63.477,27.832
40.527,55.176,47.363,33.203
23.926,46.875,28.809,19.531
20.02,45.898,36.621,9.277
29.297,45.41,54.199,13.184
46.875,51.27,79.59,25.879
44.922,48.34,62.5,29.785
29.785,44.434,42.48,20.508
16.113,43.945,33.203,10.742
21.484,41.504,18.066,9.766
36.621,42.48,48.34,15.137
34.668,41.992,63.477,23.926
25.879,38.086,45.41,22.461
17.09,40.039,39.062,11.719
22.949,39.062,29.297,10.254
45.898,39.551,55.176,22.949
51.758,40.527,56.152,35.156
37.598,33.203,27.344,33.203
24.414,28.809,30.273,22.949
24.414,29.785,33.691,21.484
37.598,31.25,47.363,30.273
47.363,32.227,55.176,38.574
40.039,30.273,35.645,32.715
21.973,34.668,39.062,22.949
20.508,40.039,46.387,20.508
42.48,43.945,59.57,31.738
53.223,47.363,66.895,45.898
40.527,43.945,49.316,36.621
29.297,43.945,46.875,24.414
27.832,43.457,47.363,20.02
35.156,40.039,69.824,24.902
41.504,41.016,82.031,33.203
32.715,42.969,60.547,32.227
23.438,42.969,39.062,22.461
22.461,41.992,18.066,14.16
35.645,40.527,26.367,12.695
41.992,35.156,49.316,15.137
31.25,31.25,26.855,20.02
27.344,32.227,12.695,13.184
16.602,34.18,31.738,9.277
23.438,35.156,37.109,12.207
43.457,38.086,54.688,22.461
35.645,35.645,42.969,27.344
27.344,35.645,31.738,19.531
21.973,32.227,15.137,14.16
23.926,30.273,-0.977,13.184
38.086,39.062,23.926,24.414
32.227,43.457,28.32,27.344
21.973,45.41,20.508,16.113
14.16,47.363,31.738,7.324
19.531,43.945,34.18,7.324
37.598,42.48,45.41,17.09
36.133,40.527,41.992,26.855
23.438,33.691,23.926,28.32
12.695,29.785,7.324,20.02
20.996,31.25,7.324,13.672
41.992,32.227,31.738,23.926
46.875,30.762,25.879,39.062
34.668,31.25,2.441,36.133
20.02,40.039,18.555,24.414
29.785,46.387,20.02,22.949
47.363,44.434,25.391,33.203
44.922,39.551,40.039,38.086
32.715,36.621,32.227,34.18
17.578,36.621,27.344,29.297
24.902,35.156,15.625,26.367
49.805,39.551,33.691,32.227
50.293,45.41,46.875,45.898
30.762,38.574,35.645,44.922
19.531,30.273,27.344,28.809
23.926,34.18,12.207,24.414
40.039,38.086,32.715,29.785
44.922,37.109,60.059,36.133
34.18,32.227,45.41,36.621
18.555,27.344,40.039,28.809
14.648,26.855,27.344,21.484
33.203,30.762,35.156,22.461
40.527,37.109,67.383,30.762
33.691,36.133,45.41,34.668
22.949,39.551,28.809,31.25
18.066,46.387,35.645,22.461
34.18,41.504,26.367,27.344
41.504,36.621,52.734,34.18
26.855,29.785,49.805,29.785
20.02,30.762,41.992,24.414
16.113,37.109,59.57,16.602
24.414,35.156,57.129,22.461
44.434,36.621,64.453,39.062
37.598,36.133,57.129,42.48
29.297,35.156,50.293,27.344
25.879,36.133,44.922,22.461
33.203,40.527,63.965,24.902
53.711,47.363,84.473,31.25
57.129,52.734,62.012,35.156
47.363,54.688,58.594,41.992
34.668,50.781,58.105,35.156
37.598,50.293,41.992,26.855
50.781,51.27,72.266,35.156
47.363,46.875,73.242,41.504
36.621,46.875,50.781,37.598
20.996,48.828,47.363,21.973
22.949,48.828,35.156,15.625
42.969,49.805,47.852,23.438
41.992,47.363,49.316,28.809
30.273,41.504,29.297,21.973
23.438,38.574,25.879,13.672
22.461,42.969,23.926,14.648
37.598,49.316,52.246,20.02
33.691,45.898,70.801,26.367
22.461,39.062,23.926,18.066
20.508,40.039,11.23,4.883
16.113,42.969,47.852,-0.488
32.227,48.828,54.199,8.301
42.48,52.734,52.734,22.949
30.762,51.27,51.758,23.926
22.949,48.34,51.758,15.625
26.367,46.387,33.691,9.766
44.434,47.363,36.621,17.09
56.641,49.805,62.988,30.273
38.574,41.016,27.832,29.297
20.508,40.527,1.953,19.043
22.461,49.316,8.789,10.742
41.992,45.41,14.648,16.602
52.246,39.062,37.109,30.273
44.434,38.086,33.203,36.621
33.203,41.504,19.043,28.32
25.879,43.457,6.348,12.695
37.109,45.898,2.93,18.555
50.293,47.852,12.207,32.227
41.992,42.969,-0.488,33.691
31.25,38.574,-1.953,29.785
22.949,35.156,-3.418,20.02
39.062,29.785,-12.695,18.066
54.688,33.203,18.066,31.25
39.062,33.203,12.207,35.645
27.344,24.902,-11.719,23.438
19.531,24.414,11.719,18.066
23.926,29.785,23.438,20.02
40.039,28.32,41.992,28.32
33.691,21.973,42.969,38.086
22.461,21.484,28.32,35.156
19.043,23.438,20.02,26.855
15.625,27.832,34.18,24.414
28.809,30.762,64.453,30.762
35.156,28.809,55.176,38.086
27.832,28.809,27.832,35.645
20.02,34.668,37.598,27.344
23.438,34.18,33.203,27.344
39.062,33.203,44.434,30.273
36.621,33.203,68.359,28.32
25.391,27.344,52.246,23.926
15.137,24.902,41.504,14.16
23.438,26.855,31.25,11.23
47.852,27.832,38.574,21.484
50.781,29.297,62.988,31.738
43.457,29.297,45.898,25.391
37.109,33.691,25.391,13.184
34.18,39.062,35.645,16.113
49.805,36.133,50.293,30.273
55.176,35.156,60.547,40.527
46.875,32.227,39.062,39.551
37.598,33.691,21.973,25.391
30.273,38.086,18.066,19.531
44.434,41.504,38.574,26.367
52.734,41.504,56.641,35.156
43.457,31.738,39.551,37.598
33.691,30.273,41.016,31.25
24.414,33.203,42.969,20.996
36.621,31.738,46.875,17.578
50.293,36.133,62.988,30.273
39.062,34.668,29.297,35.156
26.855,30.273,8.301,24.414
21.484,32.227,1.953,13.672
32.227,39.551,12.207,17.09
46.387,43.945,39.062,32.715
41.504,46.387,28.32,38.574
27.832,48.828,21.973,34.668
20.02,47.852,18.555,25.391
27.344,46.387,18.555,25.391
41.504,47.363,44.922,30.762
35.645,49.805,51.27,35.645
21.973,52.734,44.922,29.297
8.789,48.828,43.945,7.812
12.695,46.387,41.016,5.859
37.109,51.758,67.383,22.949
38.086,49.805,62.012,33.691
25.391,47.363,38.574,29.785
19.043,51.27,42.969,25.879
24.414,51.758,44.922,27.832
45.898,53.711,57.129,35.645
48.828,55.176,55.176,42.969
34.18,49.316,45.898,36.133
28.809,42.969,44.922,28.32
32.227,41.016,35.645,22.461
44.922,41.992,47.852,30.762
41.504,41.504,55.176,42.969
28.809,38.574,29.785,41.504
20.02,42.48,25.391,34.668
21.973,45.898,24.414,29.785
41.504,43.945,33.691,33.203
46.387,42.969,40.527,41.504
33.691,40.527,12.695,42.969
16.602,41.504,7.812,31.738
11.23,41.016,8.789,20.508
28.32,44.922,30.762,25.879
37.109,45.898,48.828,42.969
30.762,37.598,34.668,44.434
19.043,43.457,28.32,32.715
18.555,46.387,22.461,23.926
31.738,42.48,44.922,31.738
38.574,50.293,67.871,47.363
33.203,47.852,56.641,50.293
21.973,40.039,38.574,44.434
22.949,42.969,21.973,35.645
41.504,41.016,30.762,31.25
42.969,38.574,65.43,39.062
29.785,31.738,44.434,42.48
22.949,28.32,18.555,38.574
14.648,34.18,27.832,26.367
20.508,35.645,32.227,20.996
41.504,37.598,46.875,34.668
41.992,40.527,38.086,47.363
26.367,42.48,28.32,41.504
22.949,43.457,26.855,32.227
36.621,41.504,28.809,37.109
57.129,41.504,56.641,49.316
50.293,40.527,62.988,59.082
33.203,38.086,32.227,44.434
26.367,43.945,29.297,29.785
33.691,54.199,46.875,33.203
52.734,56.152,71.777,41.992
66.406,40.039,68.848,57.129
67.383,37.109,55.664,74.219
32.715,57.617,53.711,38.574
10.742,65.43,41.992,-2.93
23.926,67.871,67.383,6.348
25.391,56.152,79.59,25.391
0.0,57.129,59.082,10.742
-26.855,78.613,37.598,-16.113
-29.297,68.359,34.668,-34.18
-30.273,51.758,62.012,-43.457
-33.691,52.734,77.148,-29.785
-48.34,49.316,46.387,-38.086
-67.871,26.855,27.832,-62.988
-75.195,30.762,37.598,-68.359
-63.965,60.547,51.758,-59.082
-55.664,66.406,69.336,-48.34
-67.383,49.805,65.43,-47.363
-75.684,55.176,49.316,-54.199
-73.242,59.082,34.18,-52.246
-44.922,44.922,43.945,-35.156
-18.555,38.086,71.289,-14.16
-19.043,39.551,71.777,-8.301
-20.996,52.734,48.828,-8.789
-16.602,60.059,34.668,-14.16
8.301,53.711,39.062,-2.441
24.414,59.57,62.012,16.602
19.531,64.453,49.316,20.996
8.301,65.918,36.133,20.02
4.883,73.242,38.086,12.695
28.32,76.66,36.133,6.836
40.527,80.566,46.875,20.996
32.715,82.52,43.457,31.738
30.762,84.473,36.133,18.555
25.879,87.402,41.016,8.789
41.016,85.938,34.668,17.578
63.965,86.426,51.758,28.32
56.641,84.961,58.594,35.156
47.363,78.613,24.902,36.133
38.086,72.754,24.414,23.438
41.504,71.777,33.203,21.484
65.918,76.66,37.109,34.668
64.941,75.684,37.109,41.504
44.434,72.754,14.16,36.133
34.18,73.73,0.488,29.297
38.086,73.242,0.977,28.32
59.57,77.637,26.367,35.645
59.082,78.125,28.809,47.852
35.645,72.266,-12.207,41.504
21.973,66.895,-9.277,24.902
21.973,66.406,14.16,20.996
37.109,66.406,28.809,28.32
46.875,63.477,33.691,36.133
41.504,59.57,17.09,33.203
25.391,53.711,7.324,21.973
20.508,52.734,2.441,15.137
39.062,54.688,9.766,25.879
47.363,54.688,30.762,37.598
42.48,48.34,27.344,37.598
36.621,44.922,15.137,29.785
40.039,55.176,4.883,35.645
59.57,64.453,13.672,44.434
51.27,60.059,29.785,33.691
21.484,49.805,15.625,21.484
8.301,48.828,20.508,15.137
8.301,55.664,27.832,13.672
23.926,53.711,38.086,14.16
40.527,49.805,51.758,24.414
32.227,51.27,22.461,29.297
19.531,48.34,9.766,28.809
21.484,46.387,32.227,24.414
32.715,46.875,46.387,22.461
41.992,45.898,51.27,33.203
32.715,36.133,25.391,33.691
18.066,35.645,8.301,24.902
8.301,37.109,7.812,13.184
23.926,22.949,9.277,14.16
46.875,26.367,39.551,27.344
38.574,29.785,29.785,27.832
23.438,26.855,-10.254,17.09
12.695,34.668,0.488,6.348
20.02,44.434,35.645,2.93
40.039,45.41,56.641,15.137
34.18,41.992,44.434,23.926
23.926,42.969,26.367,29.297
17.09,41.504,23.438,17.578
30.762,39.551,20.02,13.184
52.246,45.41,34.668,29.297
46.387,51.758,43.945,39.062
35.645,54.688,27.344,37.109
26.367,56.641,28.809,35.156
31.738,56.641,37.109,41.992
53.711,55.176,55.176,52.734
56.152,50.293,66.406,53.711
40.527,44.434,36.133,43.457
32.227,42.969,29.297,37.598
38.086,42.48,54.199,35.156
60.547,48.34,57.129,42.969
65.918,54.688,59.082,47.852
49.805,51.27,48.34,48.828
32.715,43.945,41.016,41.992
37.109,37.598,31.738,38.574
60.547,42.969,31.738,47.363
68.848,46.875,50.781,47.852
57.617,38.086,31.738,47.363
43.457,44.434,6.836,44.922
42.48,54.199,16.602,37.109
55.664,51.27,24.414,38.574
67.871,50.781,35.645,48.828
59.57,49.805,40.527,51.758
44.434,47.363,33.203,54.199
42.48,49.316,22.949,43.945
54.688,54.199,28.32,30.273
63.477,54.199,35.156,43.945
55.664,45.41,15.625,55.176
45.898,42.969,-7.324,50.781
41.016,36.133,-3.906,34.18
54.688,36.133,14.648,32.227
65.43,45.41,37.109,51.758
57.617,38.574,25.391,54.688
45.898,48.34,-2.441,39.551
34.18,54.688,9.766,28.809
42.969,56.152,21.484,24.902
58.105,56.152,31.25,33.691
48.34,43.945,10.742,39.551
30.273,36.621,-21.973,34.668
25.391,35.645,-11.23,26.855
41.016,39.062,0.977,30.273
61.035,46.875,35.156,36.133
54.688,47.852,39.551,37.109
40.039,47.363,0.0,35.645
30.762,45.41,11.23,23.926
33.203,41.016,23.926,15.625
55.664,51.27,34.18,27.344
56.641,41.504,48.34,39.062
41.992,34.668,29.297,35.156
32.715,47.852,14.648,23.438
36.133,54.688,15.137,16.602
54.688,55.664,35.156,22.461
62.012,40.039,32.715,37.109
49.805,36.133,23.926,38.574
21.484,47.852,18.066,18.066
24.902,52.734,10.254,18.066
52.734,48.34,28.32,30.762
56.152,40.527,27.344,39.062
41.992,49.316,5.371,36.133
24.414,56.152,-3.418,15.137
22.949,51.758,-9.277,7.812
37.109,51.27,0.488,23.926
39.062,46.387,29.785,35.645
36.133,33.203,20.508,44.922
31.25,31.25,4.883,46.875
25.391,41.504,24.414,38.574
41.504,42.969,48.828,37.598
47.363,43.457,62.988,41.992
28.809,42.969,20.996,45.898
18.555,30.762,-6.348,36.621
14.648,27.832,6.836,16.602
27.344,45.898,23.438,22.949
44.434,56.641,40.527,43.457
37.598,47.852,36.133,47.852
29.785,42.969,18.555,45.898
26.855,46.875,6.348,37.598
39.551,43.945,26.367,49.805
54.199,45.898,52.734,68.359
43.945,43.945,40.527,73.242
31.738,45.41,29.785,62.988
19.043,53.711,35.156,42.969
29.785,55.176,34.668,45.41
46.875,53.223,35.156,54.688
34.18,47.852,24.414,55.664
20.02,47.363,17.09,49.805
11.719,55.664,9.277,37.598
18.555,57.129,16.113,37.109
39.551,47.852,40.039,50.293
39.062,37.109,33.203,61.035
28.32,48.34,14.16,60.547
18.555,54.688,-1.465,49.805
22.461,45.41,0.0,44.922
38.086,46.875,21.484,45.898
34.18,54.688,19.043,49.805
29.297,52.734,-13.672,50.781
21.973,49.316,-15.137,37.109
21.973,50.293,30.273,37.109
38.574,46.387,37.109,51.27
40.039,47.852,44.922,58.594
30.273,48.34,34.668,59.082
16.113,43.945,10.742,49.805
15.137,38.086,10.254,36.621
35.156,41.504,33.691,34.668
43.945,46.875,53.711,44.922
34.668,45.898,28.32,42.969
21.484,50.293,4.395,29.785
22.949,50.293,1.465,23.926
38.574,51.758,21.484,23.438
44.434,47.363,53.711,33.691
43.945,36.133,32.227,44.922
34.668,35.156,15.625,41.016
26.367,42.969,26.367,37.109
48.34,48.828,18.066,41.992
69.824,53.223,36.621,49.805
59.57,58.594,27.832,50.781
46.875,52.734,14.648,43.457
44.922,50.781,9.277,34.18
53.223,48.828,14.16,38.086
60.547,41.992,39.551,47.363
48.828,41.504,27.344,47.363
35.645,43.457,8.789,38.086
27.832,32.715,19.043,20.996
37.109,36.621,37.598,20.508
50.293,46.875,47.363,34.668
41.016,43.457,23.926,38.574
37.109,43.945,-11.23,36.133
33.691,51.27,-15.137,24.414
40.039,55.664,19.043,12.695
50.293,55.176,47.363,17.09
41.992,54.199,36.621,24.902
33.203,52.246,15.137,24.414
21.973,45.898,21.484,14.648
29.785,47.852,29.297,9.277
49.316,57.617,43.945,16.602
47.363,45.898,41.504,23.438
33.203,36.133,21.484,20.996
19.531,40.527,17.09,10.254
25.879,43.945,24.902,8.301
40.039,46.387,49.805,20.508
38.086,47.363,51.758,28.32
35.156,44.922,17.578,28.809
28.32,44.434,15.625,20.996
27.344,37.109,38.574,14.648
46.387,33.691,46.387,19.531
45.898,41.992,55.664,25.879
32.227,39.062,46.387,25.391
28.809,39.062,31.25,18.066
29.297,52.246,18.066,15.137
46.387,53.223,28.32,26.855
60.059,45.898,55.664,37.598
51.758,42.48,48.828,27.832
42.969,29.785,37.598,20.02
42.48,31.738,38.086,18.066
57.617,42.969,32.715,20.508
62.5,40.039,50.781,28.809
53.223,37.109,28.809,36.621
48.34,38.574,-1.953,30.762
38.574,37.598,17.09,19.043
48.34,29.785,27.832,27.344
60.547,39.062,48.828,40.527
49.316,42.969,28.809,53.223
41.504,32.227,11.23,45.41
38.086,31.25,26.855,26.367
46.875,43.945,27.344,29.785
60.059,50.293,57.617,47.852
51.758,44.434,55.664,49.805
39.062,45.898,28.32,39.551
27.832,46.875,25.879,36.621
29.297,40.039,31.25,33.203
42.48,34.18,48.34,37.598
39.062,34.18,46.387,43.945
26.855,33.691,28.809,36.621
19.043,26.367,12.695,24.902
30.762,31.25,32.715,24.902
46.387,25.879,66.406,38.574
48.34,15.625,50.293,52.734
35.156,33.691,22.949,50.293
22.949,36.621,12.695,36.133
35.156,36.133,13.672,40.527
54.199,38.086,44.922,47.852
54.688,27.344,55.176,51.27
41.016,26.367,15.625,47.852
26.855,41.504,12.695,30.762
40.039,49.316,36.621,29.297
61.523,42.48,32.715,37.109
51.27,53.223,48.828,41.504
38.086,53.223,22.949,35.645
28.809,39.551,2.441,11.719
26.367,37.109,26.367,11.23
43.457,33.203,40.039,30.273
42.48,32.227,47.852,44.922
27.344,25.391,23.926,49.316
19.531,20.996,5.371,40.039
26.855,23.926,15.625,38.574
50.781,11.23,50.293,51.27
41.016,25.391,69.824,38.086
11.719,42.48,36.621,19.531
16.602,35.645,11.719,25.391
26.855,39.062,19.531,27.832
43.457,36.133,24.414,33.691
62.988,26.855,38.574,47.363
60.059,29.785,26.367,53.711
51.27,32.227,12.207,46.387
53.223,26.855,15.137,41.504
73.242,38.086,12.695,42.48
89.844,44.434,30.762,49.316
80.566,36.621,38.086,57.129
70.312,36.133,25.879,64.453
69.824,31.738,24.902,64.941
87.891,34.18,41.016,67.871
95.703,42.969,70.312,71.777
80.566,41.016,72.266,66.406
73.73,35.156,37.598,52.246
71.777,35.645,43.945,53.711
83.984,33.203,67.383,63.965
91.309,31.25,77.148,61.523
82.031,34.18,76.66,63.477
73.73,33.203,52.246,64.453
56.641,36.133,32.715,53.711
63.965,45.898,33.691,43.457
88.867,46.387,47.852,58.594
83.496,35.645,59.57,71.289
69.824,29.297,47.852,60.547
54.688,27.832,46.387,46.875
53.223,25.879,75.195,41.992
71.289,28.809,94.727,51.758
71.289,35.156,83.496,62.012
54.199,33.203,60.059,63.965
41.992,29.297,53.223,56.152
49.316,29.297,56.641,53.711
64.941,25.391,72.266,58.105
66.895,29.297,77.637,64.941
52.246,29.297,39.551,62.012
41.504,24.902,27.832,46.387
44.434,26.367,58.594,41.504
59.57,27.832,74.219,49.805
69.824,27.832,88.867,62.5
61.035,25.879,81.055,65.918
45.41,24.414,59.57,52.734
41.504,27.832,56.641,38.574
56.641,33.691,66.895,48.828
63.477,36.621,73.242,64.453
48.828,35.156,57.129,63.477
40.527,35.645,38.574,53.223
44.434,41.992,25.391,44.922
54.688,41.992,42.48,42.969
63.477,43.457,80.566,42.969
58.594,47.363,59.57,47.363
43.945,41.016,20.508,41.016
41.992,45.41,30.273,30.762
60.547,51.758,35.156,35.645
74.219,55.664,48.828,43.945
64.453,56.152,41.016,47.852
44.922,46.387,15.625,41.992
32.227,41.016,5.859,20.02
50.293,45.41,-3.418,9.277
69.336,43.945,2.441,25.879
51.27,40.527,3.418,36.133
38.086,43.457,-29.297,25.879
31.25,46.387,-28.809,14.16
37.109,52.734,11.719,19.531
49.316,55.664,46.387,27.344
39.062,56.152,46.387,28.809
32.227,52.246,16.113,24.902
26.855,48.828,7.324,20.02
32.227,48.828,20.508,22.461
55.176,41.504,29.297,40.527
55.176,38.086,25.391,51.27
41.016,45.898,14.16,49.316
32.227,51.27,-3.906,41.992
36.133,50.781,3.418,35.156
50.293,49.805,31.738,37.109
46.387,43.945,38.574,44.434
40.039,42.48,13.184,41.016
36.133,46.875,-1.953,27.832
39.551,45.41,7.324,28.32
52.734,49.316,42.969,32.715
56.152,54.688,56.152,40.039
72.754,47.852,14.648,71.777
63.965,44.922,14.648,60.547
17.578,45.898,39.551,6.836
12.207,33.691,45.898,-9.277
15.625,36.133,66.406,-7.324
-9.766,46.387,21.973,-16.113
-33.691,43.945,-28.809,-38.574
-44.922,35.645,16.602,-61.523
-41.016,39.062,54.199,-60.059
-44.922,65.918,62.988,-51.758
-49.316,72.266,45.898,-50.781
-54.688,61.035,26.855,-58.594
-63.965,52.734,35.156,-70.312
-48.828,49.805,37.109,-65.43
-32.715,48.34,45.41,-45.898
-39.551,44.922,50.781,-32.715
-36.621,44.922,21.973,-35.156
-32.715,51.27,26.855,-36.621
-20.996,52.246,44.922,-27.344
0.488,46.875,54.688,-13.184
-2.93,44.922,45.898,-1.465
-13.184,42.48,20.508,-1.953
-16.602,45.898,16.602,-5.371
-4.883,50.293,29.785,-3.906
12.695,53.223,47.852,1.465
8.789,57.129,45.41,8.789
-2.441,51.27,22.949,11.23
-1.953,50.293,12.695,4.883
9.766,49.805,26.367,1.953
26.367,43.457,62.988,11.23
22.949,39.062,70.312,19.531
14.16,39.551,32.227,20.02
4.395,42.48,18.555,11.719
16.113,42.48,41.016,7.324
42.48,45.41,53.223,11.719
36.133,51.758,53.223,23.438
29.297,45.898,45.898,29.297
22.949,37.109,28.809,20.996
27.832,35.645,26.367,19.043
43.457,39.551,50.293,31.25
40.039,43.457,71.289,35.645
33.203,42.48,40.039,30.273
22.949,35.645,7.324,16.113
22.461,37.109,39.551,11.719
43.457,44.434,54.199,25.879
48.34,43.457,60.547,30.762
38.574,41.504,60.547,34.18
28.809,36.133,32.715,25.879
35.156,33.691,18.066,10.254
52.246,37.109,37.598,11.719
49.805,43.945,51.758,18.066
37.109,41.016,36.621,25.879
24.902,36.621,32.227,19.531
20.508,38.574,40.039,4.883
33.691,40.039,46.875,9.277
45.41,47.363,64.453,24.414
36.621,40.527,44.922,31.738
22.461,33.691,18.555,24.902
19.043,37.598,22.949,15.137
29.297,41.504,39.551,21.484
37.598,43.945,64.453,34.668
27.832,43.457,47.363,39.551
27.832,43.457,17.578,41.504
28.32,34.18,10.254,35.645
21.484,35.645,21.973,19.531
21.484,39.062,38.574,12.207
18.066,32.715,37.109,23.438
7.812,27.832,-3.418,24.414
-0.977,28.32,0.0,5.859
12.207,27.832,49.805,2.93
31.25,29.297,73.242,15.137
22.949,36.621,77.637,19.043
15.625,42.48,57.617,20.02
10.742,39.551,40.039,17.578
25.879,36.133,26.855,13.672
51.27,44.434,41.016,31.738
41.016,45.41,65.918,48.34
31.25,40.527,38.086,37.109
26.367,32.227,17.09,28.809
25.391,32.227,52.246,30.762
42.969,41.016,78.125,26.367
48.34,41.504,74.219,38.086
32.227,32.227,47.363,36.621
18.066,31.738,28.809,20.996
26.367,36.133,21.484,19.531
46.875,43.945,35.156,28.809
45.898,41.992,54.688,33.691
27.344,34.668,44.434,29.297
21.973,32.715,19.043,19.531
23.438,33.203,24.902,11.23
42.969,36.133,43.457,18.066
50.781,38.086,51.27,30.762
39.551,31.738,22.949,27.832
27.344,35.156,5.859,23.438
21.484,47.852,13.184,20.996
39.062,48.34,32.715,18.555
45.898,37.598,59.57,26.367
31.738,33.691,45.41,27.832
22.461,43.457,10.742,23.926
24.902,38.086,16.113,23.926
44.922,25.391,41.992,23.926
60.547,34.668,63.965,35.645
47.363,47.363,55.176,38.574
32.227,41.504,13.672,27.344
26.855,35.645,15.137,17.09
34.668,41.016,44.922,16.602
45.898,41.016,59.57,31.25
46.875,38.574,54.688,36.133
41.992,40.039,29.785,27.832
27.832,51.27,13.672,19.531
38.086,52.246,9.766,24.414
51.27,49.316,30.273,33.691
43.945,51.758,48.34,32.715
33.203,44.434,28.32,20.996
21.484,44.434,12.695,4.883
42.969,43.945,12.695,15.625
62.012,30.273,20.02,30.762
46.387,51.758,30.273,26.367
33.203,65.43,1.953,20.996
23.926,56.152,-20.508,11.23
30.762,52.246,-1.465,10.254
52.246,47.363,18.555,27.344
48.34,45.41,28.809,38.086
37.598,41.016,-3.418,34.18
32.227,44.922,-6.348,22.461
38.086,48.828,27.344,19.043
62.012,45.898,31.738,24.902
55.176,45.898,26.855,28.32
34.668,39.062,22.949,20.996
28.809,33.203,26.855,7.812
28.809,34.18,30.762,2.441
44.922,34.668,32.227,12.207
46.387,31.25,34.668,20.996
30.762,29.297,13.184,20.508
23.926,25.879,-21.973,13.184
23.438,35.156,-23.926,0.488
41.504,41.504,9.766,9.766
50.781,36.621,34.668,28.32
35.156,35.645,7.812,27.344
22.949,35.156,-21.973,20.508
29.785,42.48,-29.785,14.648
